Unigrams,Unigrams Count,Bigrams,Bigrams Count,Trigrams,Trigrams Count
services,121,exeter premedia,26,via filter the_content,12
information,106,privacy policy,25,exeter premedia services,10
us,75,third party,20,filter the_content addthis,10
terms,64,personal information,19,privacy policy terms,7
use,58,contact us,16,exeter premedia service,7
may,53,premedia services,16,premedia service exeter,7
party,52,confidential information,15,service exeter premedia,7
kriyadocs,50,use services,14,chennai tamil nadu,7
exeter,43,receiving party,14,kriyadocs benefits features,6
publishing,39,min read,13,benefits features publisherspeak,6
privacy,32,via filter,12,features publisherspeak blog,6
premedia,32,filter the_content,12,publisherspeak blog contact,6
data,31,authorized users,12,blog contact faq,6
policy,29,products services,11,contact faq schedule,6
shall,28,the_content addthis,10,faq schedule demo,6
contact,27,tamil nadu,10,exeter initiative privacy,6
required,27,schedule demo,9,initiative privacy policy,6
access,26,customer data,9,policy terms contact,6
third,26,disclosing party,9,terms contact us,6
products,25,information may,9,contact us exeter,6
